year,CPI
2000,66.572
2001,69.279
2002,71.193
2003,73.695
2004,76.341
2005,78.444
2006,80.202
2007,82.235
2008,86.079
2009,88.452
2010,91.051
2011,94.717
2012,96.789
2013,98.048
2014,99.298
2015,100
2016,100.97
